Type,Name,Request Count,Failure Count,Median Response Time,Average Response Time,Min Response Time,Max Response Time,Average Content Size,Requests/s,Failures/s,50%,66%,75%,80%,90%,95%,98%,99%,99.9%,99.99%,100%
GET,/,9,0,64,73.2429074444444,58.26983400000074,142.8126659999993,19566.222222222223,0.5918169064438932,0.0,64,65,67,79,140,140,140,140,140,140,140
,Aggregated,9,0,64,73.2429074444444,58.26983400000074,142.8126659999993,19566.222222222223,0.5918169064438932,0.0,64,65,67,79,140,140,140,140,140,140,140
