Type,Name,Request Count,Failure Count,Median Response Time,Average Response Time,Min Response Time,Max Response Time,Average Content Size,Requests/s,Failures/s,50%,66%,75%,80%,90%,95%,98%,99%,99.9%,99.99%,100%
POST,/api/v1/user-login,18318,210,56,201.51573645174233,38.051958000011155,10543.471791000002,111.91565673108418,421.92734242619156,4.837031439540355,56,61,65,68,80,100,230,10000,10000,11000,11000
,Aggregated,18318,210,56,201.51573645174233,38.051958000011155,10543.471791000002,111.91565673108418,421.92734242619156,4.837031439540355,56,61,65,68,80,100,230,10000,10000,11000,11000
